IndiaG,India Greger,I1234,unnamed.jpg,20-10-2022 | 19:42:07,บริการคอมพิวเตอร์
HershelF,Hershel Fearghas,1122,_CMh_ANj_400x400.jpg,19-10-2022 | 19:41:48,บริการคอมพิวเตอร์
BrooksI,Brooks Isha,1111,Java-tutorials.jpg,19-10-2022 | 19:42:23,บริการคอมพิวเตอร์
KwasiH,Kwasi Huseyin,2222,tumblr_ac864c84950968758fd5ba5ddd8f32bf_10b0874d_640.jpg,20-10-2022 | 10:23:26,ความปลอดภัย
LinusV,Linus Vera,Linu11,ulggxd.jpg,19-10-2022 | 19:44:07,ความปลอดภัย
FarahJ,Farah Josephine,phara11,c24bc6fa-162d-4681-902a-b48e94f02909.jpg,19-10-2022 | 19:44:47,ความปลอดภัย
MotiM,Moti Mahaut,3434,tokyo-meet-the-stars-with-sailor-moon-219881.jpg,20-10-2022 | 11:59:26,การเงิน
JuliusP,Julius Peer,juju,11561_Sun.png,19-10-2022 | 19:45:45,การเงิน
MeginhardM,Meginhard Mari,mama,name icon.png,20-10-2022 | 10:32:01,การเงิน
SonnyK,Sonny Kristina,soso11,space shuttle.jpg,19-10-2022 | 19:47:32,ยานพาหนะอาคาร และสถานที่
PelagiusI,Pelagius Ingrid,pee55,249588529_1192596294483981_7017113673651666472_n.png,19-10-2022 | 19:48:12,ยานพาหนะอาคาร และสถานที่
CristianoS,Cristiano Sakhr,1111,cartoon2.2.jpg,19-10-2022 | 19:48:51,ยานพาหนะอาคาร และสถานที่
NirmalA,Nirmal Arman,ni12,ลิลิตตะเลงพ่าย.jpg,19-10-2022 | 19:52:27,การจัดการสอบ
HamonT,Hamon Tzafrir,mondev,7c0c04844f1fe95795118972f733e94d.jpg,19-10-2022 | 19:50:51,การจัดการสอบ
TahiraC,Tahira Christina,5555,1550392299364.jpg,19-10-2022 | 19:51:32,การจัดการสอบ
HermesM,Hermes Malka,her55,3900_6_11.jpg,19-10-2022 | 19:52:45,การศึกษา
AxmedL,Axmed Lynn,arther,4782.jpg,19-10-2022 | 19:54:09,การศึกษา
SaoirseS,Saoirse Sarah,1234,70558279_524677751629740_7978280254902894592_n.jpg,19-10-2022 | 19:54:41,การศึกษา
AmberF,Amber Flo,am222,0_GymaM1KzCxQFoh-0.jpeg,19-10-2022 | 19:55:53,ไม่มีหมวดหมู่
